<?xml version="1.0" encoding="UTF-8"?>
<project-private xmlns="http://www.netbeans.org/ns/project-private/1">
    <editor-bookmarks xmlns="http://www.netbeans.org/ns/editor-bookmarks/2" lastBookmarkId="0"/>
    <open-files xmlns="http://www.netbeans.org/ns/projectui-open-files/2">
        <group>
            <file>file:/C:/Users/Kardo/OneDrive/Documents/NetBeansProjects/molkapidevgestregime/src/services/Iregime.java</file>
            <file>file:/C:/Users/Kardo/OneDrive/Documents/NetBeansProjects/molkapidevgestregime/src/tools/MyDB.java</file>
            <file>file:/C:/Users/Kardo/OneDrive/Documents/NetBeansProjects/molkapidevgestregime/src/gui/NewFXMain.java</file>
            <file>file:/C:/Users/Kardo/OneDrive/Documents/NetBeansProjects/molkapidevgestregime/src/tools/Twilosmsreg.java</file>
            <file>file:/C:/Users/Kardo/OneDrive/Documents/NetBeansProjects/molkapidevgestregime/src/entities/FicheMesures.java</file>
            <file>file:/C:/Users/Kardo/OneDrive/Documents/NetBeansProjects/molkapidevgestregime/src/gui/GestionregimesController.java</file>
            <file>file:/C:/Users/Kardo/OneDrive/Documents/NetBeansProjects/molkapidevgestregime/src/tools/Notificationreg.java</file>
            <file>file:/C:/Users/Kardo/OneDrive/Documents/NetBeansProjects/molkapidevgestregime/src/entities/Typeactv.java</file>
            <file>file:/C:/Users/Kardo/OneDrive/Documents/NetBeansProjects/molkapidevgestregime/src/entities/Regime.java</file>
            <file>file:/C:/Users/Kardo/OneDrive/Documents/NetBeansProjects/molkapidevgestregime/src/services/Ifichemesures.java</file>
            <file>file:/C:/Users/Kardo/OneDrive/Documents/NetBeansProjects/molkapidevgestregime/src/gui/AjouterfichemesController.java</file>
            <file>file:/C:/Users/Kardo/OneDrive/Documents/NetBeansProjects/molkapidevgestregime/src/services/Servicefichemesures.java</file>
            <file>file:/C:/Users/Kardo/OneDrive/Documents/NetBeansProjects/molkapidevgestregime/src/tests/Test.java</file>
            <file>file:/C:/Users/Kardo/OneDrive/Documents/NetBeansProjects/molkapidevgestregime/src/services/Serviceregime.java</file>
            <file>file:/C:/Users/Kardo/OneDrive/Documents/NetBeansProjects/molkapidevgestregime/src/entities/Objecttype.java</file>
            <file>file:/C:/Users/Kardo/OneDrive/Documents/NetBeansProjects/molkapidevgestregime/src/gui/Ajouterfichemes.fxml</file>
            <file>file:/C:/Users/Kardo/OneDrive/Documents/NetBeansProjects/molkapidevgestregime/src/entities/Role.java</file>
        </group>
    </open-files>
</project-private>
