<?xml version="1.0" encoding="UTF-8"?>
<project-private xmlns="http://www.netbeans.org/ns/project-private/1">
    <editor-bookmarks xmlns="http://www.netbeans.org/ns/editor-bookmarks/2" lastBookmarkId="0"/>
    <open-files xmlns="http://www.netbeans.org/ns/projectui-open-files/2">
        <group>
            <file>file:/C:/Users/Asus/Downloads/SE1-master/SE1-master/src/tn/esprit/tools/MyBD.java</file>
            <file>file:/C:/Users/Asus/Downloads/SE1-master/SE1-master/src/tn/esprit/GUIibtihel/PIController1.java</file>
            <file>file:/C:/Users/Asus/Downloads/SE1-master/SE1-master/src/tn/esprit/GUIibtihel/NewFXMainibtihel.java</file>
            <file>file:/C:/Users/Asus/Downloads/SE1-master/SE1-master/src/tn/esprit/GUIibtihel/PIController.java</file>
            <file>file:/C:/Users/Asus/Downloads/SE1-master/SE1-master/src/tn/esprit/services/ServiceActivite.java</file>
        </group>
    </open-files>
</project-private>
